,0,1,2,3,4
0,anchor_text,anchor_id,target_id,target_text,
1,2.1.1.a,"2.1.1.aGlobal surface temperature was around 1.1°C above 1850–1900 in 2011–2020 (1.09°C [0.95°C– 1.20°C])7, with larger increases over land (1.59 [1.34 to 1.83]°C) than over the ocean (0.88°C [0.68°C– 1.01°C])8. Observed warming is human-caused, with warming from greenhouse gases (GHG), dominated by CO2 and methane (CH4), partly masked by aerosol cooling (Figure 2.1). Global surface temperature in the first two decades of the 21st century (2001-2020) was 0.99 [0.84 to 1.10]°C higher than 1850-1900. Global surface temperature has increased faster since 1970 than in any other 50-year period over at least the last 2000 years (high confidence). The likely range of total human-caused global surface temperature increase from 1850–1900 to 2010–20199is 0.8°C to 1.3°C, with a best estimate of 1.07°C. It is likely that well-mixed GHGs10contributed a warming of 1.0°C–2.0°C, and other human drivers (principally aerosols) contributed a cooling of 0.0°C–0.8°C, natural (solar and volcanic) drivers changed global surface temperature by ±0.1°C and internal variability changed it by ±0.2°C. {WGI SPM A.1, WGI SPM A.1.2, WGI SPM A.1.3, WGI SPM A.2.2, WGI Figure SPM.2; SRCCL TS.2} ",WGI SPM A.1,A.1,"A.1   It is unequivocal that human influence has warmed the atmosphere, ocean and land. Widespread and rapid changes in the atmosphere, ocean, cryosphere and biosphere have occurred.{2.2, 2.3, Cross-Chapter Box 2.3, 3.3, 3.4, 3.5, 3.6, 3.8, 5.2, 5.3, 6.4, 7.3, 8.3, 9.2, 9.3, 9.5, 9.6, Cross-Chapter Box 9.1} (Figure SPM.1, Figure SPM.2)"
2,2.1.1.a,"2.1.1.aGlobal surface temperature was around 1.1°C above 1850–1900 in 2011–2020 (1.09°C [0.95°C– 1.20°C])7, with larger increases over land (1.59 [1.34 to 1.83]°C) than over the ocean (0.88°C [0.68°C– 1.01°C])8. Observed warming is human-caused, with warming from greenhouse gases (GHG), dominated by CO2 and methane (CH4), partly masked by aerosol cooling (Figure 2.1). Global surface temperature in the first two decades of the 21st century (2001-2020) was 0.99 [0.84 to 1.10]°C higher than 1850-1900. Global surface temperature has increased faster since 1970 than in any other 50-year period over at least the last 2000 years (high confidence). The likely range of total human-caused global surface temperature increase from 1850–1900 to 2010–20199is 0.8°C to 1.3°C, with a best estimate of 1.07°C. It is likely that well-mixed GHGs10contributed a warming of 1.0°C–2.0°C, and other human drivers (principally aerosols) contributed a cooling of 0.0°C–0.8°C, natural (solar and volcanic) drivers changed global surface temperature by ±0.1°C and internal variability changed it by ±0.2°C. {WGI SPM A.1, WGI SPM A.1.2, WGI SPM A.1.3, WGI SPM A.2.2, WGI Figure SPM.2; SRCCL TS.2} ", WGI SPM A.1.2,A.1.2,"A.1.2   Each of the last four decades has been successively warmer than any decade that preceded it since 1850. Global surface temperature8in the first two decades of the 21st century (2001–2020) was 0.99 [0.84 to 1.10] °C higher than 1850–1900.9Global surface temperature was 1.09 [0.95 to 1.20] °C higher in 2011–2020 than 1850–1900, with larger increases over land (1.59 [1.34 to 1.83] °C) than over the ocean (0.88 [0.68 to 1.01] °C). The estimated increase in global surface temperature since AR5 is principally due to further warming since 2003–2012 (+0.19 [0.16 to 0.22] °C). Additionally, methodological advances and new datasets contributed approximately 0.1°C to the updated estimate of warming in AR6.10"
3,2.1.1.a,"2.1.1.aGlobal surface temperature was around 1.1°C above 1850–1900 in 2011–2020 (1.09°C [0.95°C– 1.20°C])7, with larger increases over land (1.59 [1.34 to 1.83]°C) than over the ocean (0.88°C [0.68°C– 1.01°C])8. Observed warming is human-caused, with warming from greenhouse gases (GHG), dominated by CO2 and methane (CH4), partly masked by aerosol cooling (Figure 2.1). Global surface temperature in the first two decades of the 21st century (2001-2020) was 0.99 [0.84 to 1.10]°C higher than 1850-1900. Global surface temperature has increased faster since 1970 than in any other 50-year period over at least the last 2000 years (high confidence). The likely range of total human-caused global surface temperature increase from 1850–1900 to 2010–20199is 0.8°C to 1.3°C, with a best estimate of 1.07°C. It is likely that well-mixed GHGs10contributed a warming of 1.0°C–2.0°C, and other human drivers (principally aerosols) contributed a cooling of 0.0°C–0.8°C, natural (solar and volcanic) drivers changed global surface temperature by ±0.1°C and internal variability changed it by ±0.2°C. {WGI SPM A.1, WGI SPM A.1.2, WGI SPM A.1.3, WGI SPM A.2.2, WGI Figure SPM.2; SRCCL TS.2} ", WGI SPM A.1.3,A.1.3,"A.1.3  The likely range of total human-caused global surface temperature increase from 1850–1900 to 2010–201911is 0.8°C to 1.3°C, with a best estimate of 1.07°C. It is likely that well-mixed GHGs contributed a warming of 1.0°C to 2.0°C, other human drivers (principally aerosols) contributed a cooling of 0.0°C to 0.8°C, natural drivers changed global surface temperature by –0.1°C to +0.1°C, and internal variability changed it by –0.2°C to +0.2°C. It is very likely that well-mixed GHGs were the main driver12of tropospheric warming since 1979 and extremely likely that human-caused stratospheric ozone depletion was the main driver of cooling of the lower stratosphere between 1979 and the mid-1990s. {3.3, 6.4, 7.3, TS.2.3, Cross-Section Box TS.1} (Figure SPM.2)"
4,2.1.1.a,"2.1.1.aGlobal surface temperature was around 1.1°C above 1850–1900 in 2011–2020 (1.09°C [0.95°C– 1.20°C])7, with larger increases over land (1.59 [1.34 to 1.83]°C) than over the ocean (0.88°C [0.68°C– 1.01°C])8. Observed warming is human-caused, with warming from greenhouse gases (GHG), dominated by CO2 and methane (CH4), partly masked by aerosol cooling (Figure 2.1). Global surface temperature in the first two decades of the 21st century (2001-2020) was 0.99 [0.84 to 1.10]°C higher than 1850-1900. Global surface temperature has increased faster since 1970 than in any other 50-year period over at least the last 2000 years (high confidence). The likely range of total human-caused global surface temperature increase from 1850–1900 to 2010–20199is 0.8°C to 1.3°C, with a best estimate of 1.07°C. It is likely that well-mixed GHGs10contributed a warming of 1.0°C–2.0°C, and other human drivers (principally aerosols) contributed a cooling of 0.0°C–0.8°C, natural (solar and volcanic) drivers changed global surface temperature by ±0.1°C and internal variability changed it by ±0.2°C. {WGI SPM A.1, WGI SPM A.1.2, WGI SPM A.1.3, WGI SPM A.2.2, WGI Figure SPM.2; SRCCL TS.2} ", WGI SPM A.2.2,A.2.2,"A.2.2  Global surface temperature has increased faster since 1970 than in any other 50-year period over at least the last 2000 years (high confidence). Temperatures during the most recent decade (2011–2020) exceed those of the most recent multi-century warm period, around 6500 years ago13[0.2°C to 1°C relative to 1850–1900] (medium confidence). Prior to that, the next most recent warm period was about 125,000 years ago, when the multi-century temperature [0.5°C to 1.5°C relative to 1850–1900] overlaps the observations of the most recent decade (medium confidence). {2.3, Cross-Chapter Box 2.1, Cross-Section Box TS.1} (Figure SPM.1)"
5,2.1.1.a,"2.1.1.aGlobal surface temperature was around 1.1°C above 1850–1900 in 2011–2020 (1.09°C [0.95°C– 1.20°C])7, with larger increases over land (1.59 [1.34 to 1.83]°C) than over the ocean (0.88°C [0.68°C– 1.01°C])8. Observed warming is human-caused, with warming from greenhouse gases (GHG), dominated by CO2 and methane (CH4), partly masked by aerosol cooling (Figure 2.1). Global surface temperature in the first two decades of the 21st century (2001-2020) was 0.99 [0.84 to 1.10]°C higher than 1850-1900. Global surface temperature has increased faster since 1970 than in any other 50-year period over at least the last 2000 years (high confidence). The likely range of total human-caused global surface temperature increase from 1850–1900 to 2010–20199is 0.8°C to 1.3°C, with a best estimate of 1.07°C. It is likely that well-mixed GHGs10contributed a warming of 1.0°C–2.0°C, and other human drivers (principally aerosols) contributed a cooling of 0.0°C–0.8°C, natural (solar and volcanic) drivers changed global surface temperature by ±0.1°C and internal variability changed it by ±0.2°C. {WGI SPM A.1, WGI SPM A.1.2, WGI SPM A.1.3, WGI SPM A.2.2, WGI Figure SPM.2; SRCCL TS.2} ", WGI Figure SPM.2,,
6,2.1.1.a,"2.1.1.aGlobal surface temperature was around 1.1°C above 1850–1900 in 2011–2020 (1.09°C [0.95°C– 1.20°C])7, with larger increases over land (1.59 [1.34 to 1.83]°C) than over the ocean (0.88°C [0.68°C– 1.01°C])8. Observed warming is human-caused, with warming from greenhouse gases (GHG), dominated by CO2 and methane (CH4), partly masked by aerosol cooling (Figure 2.1). Global surface temperature in the first two decades of the 21st century (2001-2020) was 0.99 [0.84 to 1.10]°C higher than 1850-1900. Global surface temperature has increased faster since 1970 than in any other 50-year period over at least the last 2000 years (high confidence). The likely range of total human-caused global surface temperature increase from 1850–1900 to 2010–20199is 0.8°C to 1.3°C, with a best estimate of 1.07°C. It is likely that well-mixed GHGs10contributed a warming of 1.0°C–2.0°C, and other human drivers (principally aerosols) contributed a cooling of 0.0°C–0.8°C, natural (solar and volcanic) drivers changed global surface temperature by ±0.1°C and internal variability changed it by ±0.2°C. {WGI SPM A.1, WGI SPM A.1.2, WGI SPM A.1.3, WGI SPM A.2.2, WGI Figure SPM.2; SRCCL TS.2} ", SRCCL TS.2,,
7,2.1.1.b,"2.1.1.bObserved increases in well-mixed GHG concentrations since around 1750 are unequivocally caused by GHG emissions from human activities. Land and ocean sinks have taken up a near-constant proportion (globally about 56% per year) of CO2 emissions from human activities over the past six decades, with regional differences (high confidence). In 2019, atmospheric CO2 concentrations reached 410 parts per million (ppm), CH4 reached 1866 parts per billion (ppb) and nitrous oxide (N2O) reached 332 ppb11. Other major contributors to warming are tropospheric ozone (O3) and halogenated gases. Concentrations of CH4 and N2O have increased to levels unprecedented in at least 800,000 years (very high confidence), and there is high confidence that current CO2 concentrations are higher than at any time over at least the past two million years. Since 1750, increases in CO2 (47%) and CH4 (156%) concentrations far exceed – and increases in N2O (23%) are similar to – the natural multi-millennial changes between glacial and interglacial periods over at least the past 800,000 years (very high confidence). The net cooling effect which arises from anthropogenic aerosols peaked in the late 20thcentury (high confidence). {WGI SPM A1.1, WGI SPM A1.3, WGI SPM A.2.1, WGI Figure SPM.2, WGI TS 2.2, WGI 2ES, WGI Figure 6.1} ",WGI SPM A1.1,,
8,2.1.1.b,"2.1.1.bObserved increases in well-mixed GHG concentrations since around 1750 are unequivocally caused by GHG emissions from human activities. Land and ocean sinks have taken up a near-constant proportion (globally about 56% per year) of CO2 emissions from human activities over the past six decades, with regional differences (high confidence). In 2019, atmospheric CO2 concentrations reached 410 parts per million (ppm), CH4 reached 1866 parts per billion (ppb) and nitrous oxide (N2O) reached 332 ppb11. Other major contributors to warming are tropospheric ozone (O3) and halogenated gases. Concentrations of CH4 and N2O have increased to levels unprecedented in at least 800,000 years (very high confidence), and there is high confidence that current CO2 concentrations are higher than at any time over at least the past two million years. Since 1750, increases in CO2 (47%) and CH4 (156%) concentrations far exceed – and increases in N2O (23%) are similar to – the natural multi-millennial changes between glacial and interglacial periods over at least the past 800,000 years (very high confidence). The net cooling effect which arises from anthropogenic aerosols peaked in the late 20thcentury (high confidence). {WGI SPM A1.1, WGI SPM A1.3, WGI SPM A.2.1, WGI Figure SPM.2, WGI TS 2.2, WGI 2ES, WGI Figure 6.1} ", WGI SPM A1.3,,
9,2.1.1.b,"2.1.1.bObserved increases in well-mixed GHG concentrations since around 1750 are unequivocally caused by GHG emissions from human activities. Land and ocean sinks have taken up a near-constant proportion (globally about 56% per year) of CO2 emissions from human activities over the past six decades, with regional differences (high confidence). In 2019, atmospheric CO2 concentrations reached 410 parts per million (ppm), CH4 reached 1866 parts per billion (ppb) and nitrous oxide (N2O) reached 332 ppb11. Other major contributors to warming are tropospheric ozone (O3) and halogenated gases. Concentrations of CH4 and N2O have increased to levels unprecedented in at least 800,000 years (very high confidence), and there is high confidence that current CO2 concentrations are higher than at any time over at least the past two million years. Since 1750, increases in CO2 (47%) and CH4 (156%) concentrations far exceed – and increases in N2O (23%) are similar to – the natural multi-millennial changes between glacial and interglacial periods over at least the past 800,000 years (very high confidence). The net cooling effect which arises from anthropogenic aerosols peaked in the late 20thcentury (high confidence). {WGI SPM A1.1, WGI SPM A1.3, WGI SPM A.2.1, WGI Figure SPM.2, WGI TS 2.2, WGI 2ES, WGI Figure 6.1} ", WGI SPM A.2.1,A.2.1,"A.2.1  In 2019, atmospheric CO2concentrations were higher than at any time in at least 2 million years (high confidence), and concentrations of CH4and N2O were higher than at any time in at least 800,000 years (very high confidence). Since 1750, increases in CO2(47%) and CH4(156%) concentrations far exceed – and increases in N2O (23%) are similar to – the natural multi-millennial changes between glacial and interglacial periods over at least the past 800,000 years (very high confidence). {2.2, 5.1, TS.2.2}"
10,2.1.1.b,"2.1.1.bObserved increases in well-mixed GHG concentrations since around 1750 are unequivocally caused by GHG emissions from human activities. Land and ocean sinks have taken up a near-constant proportion (globally about 56% per year) of CO2 emissions from human activities over the past six decades, with regional differences (high confidence). In 2019, atmospheric CO2 concentrations reached 410 parts per million (ppm), CH4 reached 1866 parts per billion (ppb) and nitrous oxide (N2O) reached 332 ppb11. Other major contributors to warming are tropospheric ozone (O3) and halogenated gases. Concentrations of CH4 and N2O have increased to levels unprecedented in at least 800,000 years (very high confidence), and there is high confidence that current CO2 concentrations are higher than at any time over at least the past two million years. Since 1750, increases in CO2 (47%) and CH4 (156%) concentrations far exceed – and increases in N2O (23%) are similar to – the natural multi-millennial changes between glacial and interglacial periods over at least the past 800,000 years (very high confidence). The net cooling effect which arises from anthropogenic aerosols peaked in the late 20thcentury (high confidence). {WGI SPM A1.1, WGI SPM A1.3, WGI SPM A.2.1, WGI Figure SPM.2, WGI TS 2.2, WGI 2ES, WGI Figure 6.1} ", WGI Figure SPM.2,,
11,2.1.1.b,"2.1.1.bObserved increases in well-mixed GHG concentrations since around 1750 are unequivocally caused by GHG emissions from human activities. Land and ocean sinks have taken up a near-constant proportion (globally about 56% per year) of CO2 emissions from human activities over the past six decades, with regional differences (high confidence). In 2019, atmospheric CO2 concentrations reached 410 parts per million (ppm), CH4 reached 1866 parts per billion (ppb) and nitrous oxide (N2O) reached 332 ppb11. Other major contributors to warming are tropospheric ozone (O3) and halogenated gases. Concentrations of CH4 and N2O have increased to levels unprecedented in at least 800,000 years (very high confidence), and there is high confidence that current CO2 concentrations are higher than at any time over at least the past two million years. Since 1750, increases in CO2 (47%) and CH4 (156%) concentrations far exceed – and increases in N2O (23%) are similar to – the natural multi-millennial changes between glacial and interglacial periods over at least the past 800,000 years (very high confidence). The net cooling effect which arises from anthropogenic aerosols peaked in the late 20thcentury (high confidence). {WGI SPM A1.1, WGI SPM A1.3, WGI SPM A.2.1, WGI Figure SPM.2, WGI TS 2.2, WGI 2ES, WGI Figure 6.1} ", WGI TS 2.2,,
12,2.1.1.b,"2.1.1.bObserved increases in well-mixed GHG concentrations since around 1750 are unequivocally caused by GHG emissions from human activities. Land and ocean sinks have taken up a near-constant proportion (globally about 56% per year) of CO2 emissions from human activities over the past six decades, with regional differences (high confidence). In 2019, atmospheric CO2 concentrations reached 410 parts per million (ppm), CH4 reached 1866 parts per billion (ppb) and nitrous oxide (N2O) reached 332 ppb11. Other major contributors to warming are tropospheric ozone (O3) and halogenated gases. Concentrations of CH4 and N2O have increased to levels unprecedented in at least 800,000 years (very high confidence), and there is high confidence that current CO2 concentrations are higher than at any time over at least the past two million years. Since 1750, increases in CO2 (47%) and CH4 (156%) concentrations far exceed – and increases in N2O (23%) are similar to – the natural multi-millennial changes between glacial and interglacial periods over at least the past 800,000 years (very high confidence). The net cooling effect which arises from anthropogenic aerosols peaked in the late 20thcentury (high confidence). {WGI SPM A1.1, WGI SPM A1.3, WGI SPM A.2.1, WGI Figure SPM.2, WGI TS 2.2, WGI 2ES, WGI Figure 6.1} ", WGI 2ES,,
13,2.1.1.b,"2.1.1.bObserved increases in well-mixed GHG concentrations since around 1750 are unequivocally caused by GHG emissions from human activities. Land and ocean sinks have taken up a near-constant proportion (globally about 56% per year) of CO2 emissions from human activities over the past six decades, with regional differences (high confidence). In 2019, atmospheric CO2 concentrations reached 410 parts per million (ppm), CH4 reached 1866 parts per billion (ppb) and nitrous oxide (N2O) reached 332 ppb11. Other major contributors to warming are tropospheric ozone (O3) and halogenated gases. Concentrations of CH4 and N2O have increased to levels unprecedented in at least 800,000 years (very high confidence), and there is high confidence that current CO2 concentrations are higher than at any time over at least the past two million years. Since 1750, increases in CO2 (47%) and CH4 (156%) concentrations far exceed – and increases in N2O (23%) are similar to – the natural multi-millennial changes between glacial and interglacial periods over at least the past 800,000 years (very high confidence). The net cooling effect which arises from anthropogenic aerosols peaked in the late 20thcentury (high confidence). {WGI SPM A1.1, WGI SPM A1.3, WGI SPM A.2.1, WGI Figure SPM.2, WGI TS 2.2, WGI 2ES, WGI Figure 6.1} ", WGI Figure 6.1,,
14,2.1.1.e,"2.1.1.e1). Historical cumulative net CO2 emissions from 1850 to 2019 were 2400 ±240 GtCO2. Of these, more than half (58%) occurred between 1850 and 1989 [1400 ±195 GtCO2], and about 42% between 1990 and 2019 [1000 ±90 GtCO2]. Global net anthropogenic GHG emissions have been estimated to be 59±6.6 GtCO2-eq in 2019, about 12% (6.5 GtCO2-eq) higher than in 2010 and 54% (21 GtCO2-eq) higher than in 1990. By 2019, the largest growth in gross emissions occurred in CO2 from fossil fuels and industry (CO2-FFI) followed by CH4, whereas the highest relative growth occurred in fluorinated gases (F-gases), starting from low levels in 1990. (high confidence) {WGIII SPM B1.1, WGIII SPM B.1.2, WGIII SPM B.1.3, WGIII Figure SPM.1, WGIII Figure SPM.2} ",WGIII SPM B1.1,,
15,2.1.1.e,"2.1.1.e1). Historical cumulative net CO2 emissions from 1850 to 2019 were 2400 ±240 GtCO2. Of these, more than half (58%) occurred between 1850 and 1989 [1400 ±195 GtCO2], and about 42% between 1990 and 2019 [1000 ±90 GtCO2]. Global net anthropogenic GHG emissions have been estimated to be 59±6.6 GtCO2-eq in 2019, about 12% (6.5 GtCO2-eq) higher than in 2010 and 54% (21 GtCO2-eq) higher than in 1990. By 2019, the largest growth in gross emissions occurred in CO2 from fossil fuels and industry (CO2-FFI) followed by CH4, whereas the highest relative growth occurred in fluorinated gases (F-gases), starting from low levels in 1990. (high confidence) {WGIII SPM B1.1, WGIII SPM B.1.2, WGIII SPM B.1.3, WGIII Figure SPM.1, WGIII Figure SPM.2} ", WGIII SPM B.1.2,,
16,2.1.1.e,"2.1.1.e1). Historical cumulative net CO2 emissions from 1850 to 2019 were 2400 ±240 GtCO2. Of these, more than half (58%) occurred between 1850 and 1989 [1400 ±195 GtCO2], and about 42% between 1990 and 2019 [1000 ±90 GtCO2]. Global net anthropogenic GHG emissions have been estimated to be 59±6.6 GtCO2-eq in 2019, about 12% (6.5 GtCO2-eq) higher than in 2010 and 54% (21 GtCO2-eq) higher than in 1990. By 2019, the largest growth in gross emissions occurred in CO2 from fossil fuels and industry (CO2-FFI) followed by CH4, whereas the highest relative growth occurred in fluorinated gases (F-gases), starting from low levels in 1990. (high confidence) {WGIII SPM B1.1, WGIII SPM B.1.2, WGIII SPM B.1.3, WGIII Figure SPM.1, WGIII Figure SPM.2} ", WGIII SPM B.1.3,,
17,2.1.1.e,"2.1.1.e1). Historical cumulative net CO2 emissions from 1850 to 2019 were 2400 ±240 GtCO2. Of these, more than half (58%) occurred between 1850 and 1989 [1400 ±195 GtCO2], and about 42% between 1990 and 2019 [1000 ±90 GtCO2]. Global net anthropogenic GHG emissions have been estimated to be 59±6.6 GtCO2-eq in 2019, about 12% (6.5 GtCO2-eq) higher than in 2010 and 54% (21 GtCO2-eq) higher than in 1990. By 2019, the largest growth in gross emissions occurred in CO2 from fossil fuels and industry (CO2-FFI) followed by CH4, whereas the highest relative growth occurred in fluorinated gases (F-gases), starting from low levels in 1990. (high confidence) {WGIII SPM B1.1, WGIII SPM B.1.2, WGIII SPM B.1.3, WGIII Figure SPM.1, WGIII Figure SPM.2} ", WGIII Figure SPM.1,,
18,2.1.1.e,"2.1.1.e1). Historical cumulative net CO2 emissions from 1850 to 2019 were 2400 ±240 GtCO2. Of these, more than half (58%) occurred between 1850 and 1989 [1400 ±195 GtCO2], and about 42% between 1990 and 2019 [1000 ±90 GtCO2]. Global net anthropogenic GHG emissions have been estimated to be 59±6.6 GtCO2-eq in 2019, about 12% (6.5 GtCO2-eq) higher than in 2010 and 54% (21 GtCO2-eq) higher than in 1990. By 2019, the largest growth in gross emissions occurred in CO2 from fossil fuels and industry (CO2-FFI) followed by CH4, whereas the highest relative growth occurred in fluorinated gases (F-gases), starting from low levels in 1990. (high confidence) {WGIII SPM B1.1, WGIII SPM B.1.2, WGIII SPM B.1.3, WGIII Figure SPM.1, WGIII Figure SPM.2} ", WGIII Figure SPM.2,,
19,2.1.1.g,"2.1.1.gRegional contributions to global human-caused GHG emissions continue to differ widely. Historical contributions of CO2 emissions vary substantially across regions in terms of total magnitude, but also in terms of contributions to CO2-FFI (1650 ± 73 GtCO2-eq) and net CO2-LULUCF (760 ± 220 GtCO2-eq) emissions (Figure 2.2). Variations in regional and national per capita emissions partly reflect different development stages, but they also vary widely at similar income levels. Average per capita net anthropogenic GHG emissions in 2019 ranged from 2.6 tCO2-eq to 19 tCO2-eq across regions (Figure 2.2). Least developed countries (LDCs) and Small Island Developing States (SIDS) have much lower per capita emissions (1.7 tCO2- eq and 4.6 tCO2-eq, respectively) than the global average (6.9 tCO2-eq), excluding CO2-LULUCF. Around 48% of the global population in 2019 lives in countries emitting on average more than 6 tCO2-eq per capita, 35% of the global population live in countries emitting more than 9 tCO2-eq per capita13(excluding CO2- LULUCF) while another 41% live in countries emitting less than 3 tCO2-eq per capita. A substantial share of the population in these low-emitting countries lack access to modern energy services. (high confidence) {WGIII SPM B.3, WGIII SPM B3.1, WGIII SPM B.3.2, WGIII SPM B.3.3} ",WGIII SPM B.3,,
20,2.1.1.g,"2.1.1.gRegional contributions to global human-caused GHG emissions continue to differ widely. Historical contributions of CO2 emissions vary substantially across regions in terms of total magnitude, but also in terms of contributions to CO2-FFI (1650 ± 73 GtCO2-eq) and net CO2-LULUCF (760 ± 220 GtCO2-eq) emissions (Figure 2.2). Variations in regional and national per capita emissions partly reflect different development stages, but they also vary widely at similar income levels. Average per capita net anthropogenic GHG emissions in 2019 ranged from 2.6 tCO2-eq to 19 tCO2-eq across regions (Figure 2.2). Least developed countries (LDCs) and Small Island Developing States (SIDS) have much lower per capita emissions (1.7 tCO2- eq and 4.6 tCO2-eq, respectively) than the global average (6.9 tCO2-eq), excluding CO2-LULUCF. Around 48% of the global population in 2019 lives in countries emitting on average more than 6 tCO2-eq per capita, 35% of the global population live in countries emitting more than 9 tCO2-eq per capita13(excluding CO2- LULUCF) while another 41% live in countries emitting less than 3 tCO2-eq per capita. A substantial share of the population in these low-emitting countries lack access to modern energy services. (high confidence) {WGIII SPM B.3, WGIII SPM B3.1, WGIII SPM B.3.2, WGIII SPM B.3.3} ", WGIII SPM B3.1,,
21,2.1.1.g,"2.1.1.gRegional contributions to global human-caused GHG emissions continue to differ widely. Historical contributions of CO2 emissions vary substantially across regions in terms of total magnitude, but also in terms of contributions to CO2-FFI (1650 ± 73 GtCO2-eq) and net CO2-LULUCF (760 ± 220 GtCO2-eq) emissions (Figure 2.2). Variations in regional and national per capita emissions partly reflect different development stages, but they also vary widely at similar income levels. Average per capita net anthropogenic GHG emissions in 2019 ranged from 2.6 tCO2-eq to 19 tCO2-eq across regions (Figure 2.2). Least developed countries (LDCs) and Small Island Developing States (SIDS) have much lower per capita emissions (1.7 tCO2- eq and 4.6 tCO2-eq, respectively) than the global average (6.9 tCO2-eq), excluding CO2-LULUCF. Around 48% of the global population in 2019 lives in countries emitting on average more than 6 tCO2-eq per capita, 35% of the global population live in countries emitting more than 9 tCO2-eq per capita13(excluding CO2- LULUCF) while another 41% live in countries emitting less than 3 tCO2-eq per capita. A substantial share of the population in these low-emitting countries lack access to modern energy services. (high confidence) {WGIII SPM B.3, WGIII SPM B3.1, WGIII SPM B.3.2, WGIII SPM B.3.3} ", WGIII SPM B.3.2,,
22,2.1.1.g,"2.1.1.gRegional contributions to global human-caused GHG emissions continue to differ widely. Historical contributions of CO2 emissions vary substantially across regions in terms of total magnitude, but also in terms of contributions to CO2-FFI (1650 ± 73 GtCO2-eq) and net CO2-LULUCF (760 ± 220 GtCO2-eq) emissions (Figure 2.2). Variations in regional and national per capita emissions partly reflect different development stages, but they also vary widely at similar income levels. Average per capita net anthropogenic GHG emissions in 2019 ranged from 2.6 tCO2-eq to 19 tCO2-eq across regions (Figure 2.2). Least developed countries (LDCs) and Small Island Developing States (SIDS) have much lower per capita emissions (1.7 tCO2- eq and 4.6 tCO2-eq, respectively) than the global average (6.9 tCO2-eq), excluding CO2-LULUCF. Around 48% of the global population in 2019 lives in countries emitting on average more than 6 tCO2-eq per capita, 35% of the global population live in countries emitting more than 9 tCO2-eq per capita13(excluding CO2- LULUCF) while another 41% live in countries emitting less than 3 tCO2-eq per capita. A substantial share of the population in these low-emitting countries lack access to modern energy services. (high confidence) {WGIII SPM B.3, WGIII SPM B3.1, WGIII SPM B.3.2, WGIII SPM B.3.3} ", WGIII SPM B.3.3,,
23,2.1.1.h,"2.1.1.hNet GHG emissions have increased since 2010 across all major sectors (high confidence). In 2019, approximately 34% (20 GtCO2-eq) of net global GHG emissions came from the energy sector, 24% (14 GtCO2- eq) from industry, 22% (13 GtCO2-eq) from AFOLU, 15% (8.7 GtCO2-eq) from transport and 6% (3.3 GtCO2- eq) from buildings14(high confidence). Average annual GHG emissions growth between 2010 and 2019 slowed compared to the previous decade in energy supply (from 2.3% to 1.0%) and industry (from 3.4% to 1.4%) but remained roughly constant at about 2% yr–1in the transport sector (high confidence). About half of total net AFOLU emissions are from CO2 LULUCF, predominantly from deforestation (medium confidence). Land overall constituted a net sink of –6.6 (±4.6) GtCO2 yr–1for the period 2010–201915(medium confidence). {WGIII SPM B.2, WGIII SPM B.2.1, WGIII SPM B.2.2, WGIII TS 5.6.1}  ",WGIII SPM B.2,,
24,2.1.1.h,"2.1.1.hNet GHG emissions have increased since 2010 across all major sectors (high confidence). In 2019, approximately 34% (20 GtCO2-eq) of net global GHG emissions came from the energy sector, 24% (14 GtCO2- eq) from industry, 22% (13 GtCO2-eq) from AFOLU, 15% (8.7 GtCO2-eq) from transport and 6% (3.3 GtCO2- eq) from buildings14(high confidence). Average annual GHG emissions growth between 2010 and 2019 slowed compared to the previous decade in energy supply (from 2.3% to 1.0%) and industry (from 3.4% to 1.4%) but remained roughly constant at about 2% yr–1in the transport sector (high confidence). About half of total net AFOLU emissions are from CO2 LULUCF, predominantly from deforestation (medium confidence). Land overall constituted a net sink of –6.6 (±4.6) GtCO2 yr–1for the period 2010–201915(medium confidence). {WGIII SPM B.2, WGIII SPM B.2.1, WGIII SPM B.2.2, WGIII TS 5.6.1}  ", WGIII SPM B.2.1,,
25,2.1.1.h,"2.1.1.hNet GHG emissions have increased since 2010 across all major sectors (high confidence). In 2019, approximately 34% (20 GtCO2-eq) of net global GHG emissions came from the energy sector, 24% (14 GtCO2- eq) from industry, 22% (13 GtCO2-eq) from AFOLU, 15% (8.7 GtCO2-eq) from transport and 6% (3.3 GtCO2- eq) from buildings14(high confidence). Average annual GHG emissions growth between 2010 and 2019 slowed compared to the previous decade in energy supply (from 2.3% to 1.0%) and industry (from 3.4% to 1.4%) but remained roughly constant at about 2% yr–1in the transport sector (high confidence). About half of total net AFOLU emissions are from CO2 LULUCF, predominantly from deforestation (medium confidence). Land overall constituted a net sink of –6.6 (±4.6) GtCO2 yr–1for the period 2010–201915(medium confidence). {WGIII SPM B.2, WGIII SPM B.2.1, WGIII SPM B.2.2, WGIII TS 5.6.1}  ", WGIII SPM B.2.2,,
26,2.1.1.h,"2.1.1.hNet GHG emissions have increased since 2010 across all major sectors (high confidence). In 2019, approximately 34% (20 GtCO2-eq) of net global GHG emissions came from the energy sector, 24% (14 GtCO2- eq) from industry, 22% (13 GtCO2-eq) from AFOLU, 15% (8.7 GtCO2-eq) from transport and 6% (3.3 GtCO2- eq) from buildings14(high confidence). Average annual GHG emissions growth between 2010 and 2019 slowed compared to the previous decade in energy supply (from 2.3% to 1.0%) and industry (from 3.4% to 1.4%) but remained roughly constant at about 2% yr–1in the transport sector (high confidence). About half of total net AFOLU emissions are from CO2 LULUCF, predominantly from deforestation (medium confidence). Land overall constituted a net sink of –6.6 (±4.6) GtCO2 yr–1for the period 2010–201915(medium confidence). {WGIII SPM B.2, WGIII SPM B.2.1, WGIII SPM B.2.2, WGIII TS 5.6.1}  ", WGIII TS 5.6.1,,
27,2.1.1.i,"2.1.1.iHuman-caused climate change is a consequence of more than a century of net GHG emissions from energy use, land-use and land use change, lifestyle and patterns of consumption, and production. Emissions reductions in CO2 from fossil fuels and industrial processes (CO2-FFI), due to improvements in energy intensity of GDP and carbon intensity of energy, have been less than emissions increases from rising global activity levels in industry, energy supply, transport, agriculture and buildings. The 10% of households with the highest per capita emissions contribute 34–45% of global consumption-based household GHG emissions, while the middle 40% contribute 40–53%, and the bottom 50% contribute 13–15%. An increasing share of emissions can be attributed to urban areas (a rise from about 62% to 67–72% of the global share between 2015 and 2020). The drivers of urban GHG emissions16are complex and include population size, income, state of urbanisation and urban form. (high confidence). {WGIII SPM B.2, WGIII SPM B.2.3, WGIII SPM B.3.4, WGIII SPM D.1.1} ",WGIII SPM B.2,,
28,2.1.1.i,"2.1.1.iHuman-caused climate change is a consequence of more than a century of net GHG emissions from energy use, land-use and land use change, lifestyle and patterns of consumption, and production. Emissions reductions in CO2 from fossil fuels and industrial processes (CO2-FFI), due to improvements in energy intensity of GDP and carbon intensity of energy, have been less than emissions increases from rising global activity levels in industry, energy supply, transport, agriculture and buildings. The 10% of households with the highest per capita emissions contribute 34–45% of global consumption-based household GHG emissions, while the middle 40% contribute 40–53%, and the bottom 50% contribute 13–15%. An increasing share of emissions can be attributed to urban areas (a rise from about 62% to 67–72% of the global share between 2015 and 2020). The drivers of urban GHG emissions16are complex and include population size, income, state of urbanisation and urban form. (high confidence). {WGIII SPM B.2, WGIII SPM B.2.3, WGIII SPM B.3.4, WGIII SPM D.1.1} ", WGIII SPM B.2.3,,
29,2.1.1.i,"2.1.1.iHuman-caused climate change is a consequence of more than a century of net GHG emissions from energy use, land-use and land use change, lifestyle and patterns of consumption, and production. Emissions reductions in CO2 from fossil fuels and industrial processes (CO2-FFI), due to improvements in energy intensity of GDP and carbon intensity of energy, have been less than emissions increases from rising global activity levels in industry, energy supply, transport, agriculture and buildings. The 10% of households with the highest per capita emissions contribute 34–45% of global consumption-based household GHG emissions, while the middle 40% contribute 40–53%, and the bottom 50% contribute 13–15%. An increasing share of emissions can be attributed to urban areas (a rise from about 62% to 67–72% of the global share between 2015 and 2020). The drivers of urban GHG emissions16are complex and include population size, income, state of urbanisation and urban form. (high confidence). {WGIII SPM B.2, WGIII SPM B.2.3, WGIII SPM B.3.4, WGIII SPM D.1.1} ", WGIII SPM B.3.4,,
30,2.1.1.i,"2.1.1.iHuman-caused climate change is a consequence of more than a century of net GHG emissions from energy use, land-use and land use change, lifestyle and patterns of consumption, and production. Emissions reductions in CO2 from fossil fuels and industrial processes (CO2-FFI), due to improvements in energy intensity of GDP and carbon intensity of energy, have been less than emissions increases from rising global activity levels in industry, energy supply, transport, agriculture and buildings. The 10% of households with the highest per capita emissions contribute 34–45% of global consumption-based household GHG emissions, while the middle 40% contribute 40–53%, and the bottom 50% contribute 13–15%. An increasing share of emissions can be attributed to urban areas (a rise from about 62% to 67–72% of the global share between 2015 and 2020). The drivers of urban GHG emissions16are complex and include population size, income, state of urbanisation and urban form. (high confidence). {WGIII SPM B.2, WGIII SPM B.2.3, WGIII SPM B.3.4, WGIII SPM D.1.1} ", WGIII SPM D.1.1,,
31,2.1.2.a,"2.1.2.aIt is unequivocal that human influence has warmed the atmosphere, ocean and land. Widespread and rapid changes in the atmosphere, ocean, cryosphere and biosphere have occurred (Table 2.1). The scale of recent changes across the climate system as a whole and the present state of many aspects of the climate system are unprecedented over many centuries to many thousands of years. It is very likely that GHG emissions were the main driver17of tropospheric warming and extremely likely that human-caused stratospheric ozone depletion was the main driver of stratospheric cooling between 1979 and the mid-1990s. It is virtually certain that the global upper ocean (0-700m) has warmed since the 1970s and extremely likely that human influence is the main driver. Ocean warming accounted for 91% of the heating in the climate system, with land warming, ice loss and atmospheric warming accounting for about 5%, 3% and 1%, respectively (high confidence). Global mean sea level increased by 0.20 [0.15–0.25] m between 1901 and 2018. The average rate of sea level rise was 1.3 [0.6 to 2.1]mm yr-1 between 1901 and 1971, increasing to 1.9 [0.8 to 2.9] mm yr-1 between 1971 and 2006, and further increasing to 3.7 [3.2 to –4.2] mm yr-1 between 2006 and 2018 (high confidence). Human influence was very likely the main driver of these increases since at least 1971 (Figure 3.4). Human influence is very likely the main driver of the global retreat of glaciers since the 1990s and the decrease in Arctic sea ice area between 1979–1988 and 2010–2019. Human influence has also very likely contributed to decreased Northern Hemisphere spring snow cover and surface melting of the Greenland ice sheet. It is virtually certain that human-caused CO2 emissions are the main driver of current global acidification of the surface open ocean. {WGI SPM A.1, WGI SPM A.1.3, WGI SPM A.1.5, WGI SPM A.1.6, WG1 SPM A1.7, WGI SPM A.2, WG1.SPM A.4.2; SROCC SPM.A.1, SROCC SPM A.2} ",WGI SPM A.1,A.1,"A.1   It is unequivocal that human influence has warmed the atmosphere, ocean and land. Widespread and rapid changes in the atmosphere, ocean, cryosphere and biosphere have occurred.{2.2, 2.3, Cross-Chapter Box 2.3, 3.3, 3.4, 3.5, 3.6, 3.8, 5.2, 5.3, 6.4, 7.3, 8.3, 9.2, 9.3, 9.5, 9.6, Cross-Chapter Box 9.1} (Figure SPM.1, Figure SPM.2)"
32,2.1.2.a,"2.1.2.aIt is unequivocal that human influence has warmed the atmosphere, ocean and land. Widespread and rapid changes in the atmosphere, ocean, cryosphere and biosphere have occurred (Table 2.1). The scale of recent changes across the climate system as a whole and the present state of many aspects of the climate system are unprecedented over many centuries to many thousands of years. It is very likely that GHG emissions were the main driver17of tropospheric warming and extremely likely that human-caused stratospheric ozone depletion was the main driver of stratospheric cooling between 1979 and the mid-1990s. It is virtually certain that the global upper ocean (0-700m) has warmed since the 1970s and extremely likely that human influence is the main driver. Ocean warming accounted for 91% of the heating in the climate system, with land warming, ice loss and atmospheric warming accounting for about 5%, 3% and 1%, respectively (high confidence). Global mean sea level increased by 0.20 [0.15–0.25] m between 1901 and 2018. The average rate of sea level rise was 1.3 [0.6 to 2.1]mm yr-1 between 1901 and 1971, increasing to 1.9 [0.8 to 2.9] mm yr-1 between 1971 and 2006, and further increasing to 3.7 [3.2 to –4.2] mm yr-1 between 2006 and 2018 (high confidence). Human influence was very likely the main driver of these increases since at least 1971 (Figure 3.4). Human influence is very likely the main driver of the global retreat of glaciers since the 1990s and the decrease in Arctic sea ice area between 1979–1988 and 2010–2019. Human influence has also very likely contributed to decreased Northern Hemisphere spring snow cover and surface melting of the Greenland ice sheet. It is virtually certain that human-caused CO2 emissions are the main driver of current global acidification of the surface open ocean. {WGI SPM A.1, WGI SPM A.1.3, WGI SPM A.1.5, WGI SPM A.1.6, WG1 SPM A1.7, WGI SPM A.2, WG1.SPM A.4.2; SROCC SPM.A.1, SROCC SPM A.2} ", WGI SPM A.1.3,A.1.3,"A.1.3  The likely range of total human-caused global surface temperature increase from 1850–1900 to 2010–201911is 0.8°C to 1.3°C, with a best estimate of 1.07°C. It is likely that well-mixed GHGs contributed a warming of 1.0°C to 2.0°C, other human drivers (principally aerosols) contributed a cooling of 0.0°C to 0.8°C, natural drivers changed global surface temperature by –0.1°C to +0.1°C, and internal variability changed it by –0.2°C to +0.2°C. It is very likely that well-mixed GHGs were the main driver12of tropospheric warming since 1979 and extremely likely that human-caused stratospheric ozone depletion was the main driver of cooling of the lower stratosphere between 1979 and the mid-1990s. {3.3, 6.4, 7.3, TS.2.3, Cross-Section Box TS.1} (Figure SPM.2)"
33,2.1.2.a,"2.1.2.aIt is unequivocal that human influence has warmed the atmosphere, ocean and land. Widespread and rapid changes in the atmosphere, ocean, cryosphere and biosphere have occurred (Table 2.1). The scale of recent changes across the climate system as a whole and the present state of many aspects of the climate system are unprecedented over many centuries to many thousands of years. It is very likely that GHG emissions were the main driver17of tropospheric warming and extremely likely that human-caused stratospheric ozone depletion was the main driver of stratospheric cooling between 1979 and the mid-1990s. It is virtually certain that the global upper ocean (0-700m) has warmed since the 1970s and extremely likely that human influence is the main driver. Ocean warming accounted for 91% of the heating in the climate system, with land warming, ice loss and atmospheric warming accounting for about 5%, 3% and 1%, respectively (high confidence). Global mean sea level increased by 0.20 [0.15–0.25] m between 1901 and 2018. The average rate of sea level rise was 1.3 [0.6 to 2.1]mm yr-1 between 1901 and 1971, increasing to 1.9 [0.8 to 2.9] mm yr-1 between 1971 and 2006, and further increasing to 3.7 [3.2 to –4.2] mm yr-1 between 2006 and 2018 (high confidence). Human influence was very likely the main driver of these increases since at least 1971 (Figure 3.4). Human influence is very likely the main driver of the global retreat of glaciers since the 1990s and the decrease in Arctic sea ice area between 1979–1988 and 2010–2019. Human influence has also very likely contributed to decreased Northern Hemisphere spring snow cover and surface melting of the Greenland ice sheet. It is virtually certain that human-caused CO2 emissions are the main driver of current global acidification of the surface open ocean. {WGI SPM A.1, WGI SPM A.1.3, WGI SPM A.1.5, WGI SPM A.1.6, WG1 SPM A1.7, WGI SPM A.2, WG1.SPM A.4.2; SROCC SPM.A.1, SROCC SPM A.2} ", WGI SPM A.1.5,A.1.5,"A.1.5  Human influence is very likely the main driver of the global retreat of glaciers since the 1990s and the decrease in Arctic sea ice area between 1979–1988 and 2010–2019 (decreases of about 40% in September and about 10% in March). There has been no significant trend in Antarctic sea ice area from 1979 to 2020 due to regionally opposing trends and large internal variability. Human influence very likely contributed to the decrease in Northern Hemisphere spring snow cover since 1950. It is very likely that human influence has contributed to the observed surface melting of the Greenland Ice Sheet over the past two decades, but there is only limited evidence, with medium agreement, of human influence on the Antarctic Ice Sheet mass loss. {2.3, 3.4, 8.3, 9.3, 9.5, TS.2.5}"
34,2.1.2.a,"2.1.2.aIt is unequivocal that human influence has warmed the atmosphere, ocean and land. Widespread and rapid changes in the atmosphere, ocean, cryosphere and biosphere have occurred (Table 2.1). The scale of recent changes across the climate system as a whole and the present state of many aspects of the climate system are unprecedented over many centuries to many thousands of years. It is very likely that GHG emissions were the main driver17of tropospheric warming and extremely likely that human-caused stratospheric ozone depletion was the main driver of stratospheric cooling between 1979 and the mid-1990s. It is virtually certain that the global upper ocean (0-700m) has warmed since the 1970s and extremely likely that human influence is the main driver. Ocean warming accounted for 91% of the heating in the climate system, with land warming, ice loss and atmospheric warming accounting for about 5%, 3% and 1%, respectively (high confidence). Global mean sea level increased by 0.20 [0.15–0.25] m between 1901 and 2018. The average rate of sea level rise was 1.3 [0.6 to 2.1]mm yr-1 between 1901 and 1971, increasing to 1.9 [0.8 to 2.9] mm yr-1 between 1971 and 2006, and further increasing to 3.7 [3.2 to –4.2] mm yr-1 between 2006 and 2018 (high confidence). Human influence was very likely the main driver of these increases since at least 1971 (Figure 3.4). Human influence is very likely the main driver of the global retreat of glaciers since the 1990s and the decrease in Arctic sea ice area between 1979–1988 and 2010–2019. Human influence has also very likely contributed to decreased Northern Hemisphere spring snow cover and surface melting of the Greenland ice sheet. It is virtually certain that human-caused CO2 emissions are the main driver of current global acidification of the surface open ocean. {WGI SPM A.1, WGI SPM A.1.3, WGI SPM A.1.5, WGI SPM A.1.6, WG1 SPM A1.7, WGI SPM A.2, WG1.SPM A.4.2; SROCC SPM.A.1, SROCC SPM A.2} ", WGI SPM A.1.6,A.1.6,"A.1.6  It is virtually certain that the global upper ocean (0–700 m) has warmed since the 1970s and extremely likely that human influence is the main driver. It is virtually certain that human-caused CO2emissions are the main driver of current global acidification of the surface open ocean. There is high confidence that oxygen levels have dropped in many upper ocean regions since the mid-20th century and medium confidence that human influence contributed to this drop. {2.3, 3.5, 3.6, 5.3, 9.2, TS.2.4}"
35,2.1.2.a,"2.1.2.aIt is unequivocal that human influence has warmed the atmosphere, ocean and land. Widespread and rapid changes in the atmosphere, ocean, cryosphere and biosphere have occurred (Table 2.1). The scale of recent changes across the climate system as a whole and the present state of many aspects of the climate system are unprecedented over many centuries to many thousands of years. It is very likely that GHG emissions were the main driver17of tropospheric warming and extremely likely that human-caused stratospheric ozone depletion was the main driver of stratospheric cooling between 1979 and the mid-1990s. It is virtually certain that the global upper ocean (0-700m) has warmed since the 1970s and extremely likely that human influence is the main driver. Ocean warming accounted for 91% of the heating in the climate system, with land warming, ice loss and atmospheric warming accounting for about 5%, 3% and 1%, respectively (high confidence). Global mean sea level increased by 0.20 [0.15–0.25] m between 1901 and 2018. The average rate of sea level rise was 1.3 [0.6 to 2.1]mm yr-1 between 1901 and 1971, increasing to 1.9 [0.8 to 2.9] mm yr-1 between 1971 and 2006, and further increasing to 3.7 [3.2 to –4.2] mm yr-1 between 2006 and 2018 (high confidence). Human influence was very likely the main driver of these increases since at least 1971 (Figure 3.4). Human influence is very likely the main driver of the global retreat of glaciers since the 1990s and the decrease in Arctic sea ice area between 1979–1988 and 2010–2019. Human influence has also very likely contributed to decreased Northern Hemisphere spring snow cover and surface melting of the Greenland ice sheet. It is virtually certain that human-caused CO2 emissions are the main driver of current global acidification of the surface open ocean. {WGI SPM A.1, WGI SPM A.1.3, WGI SPM A.1.5, WGI SPM A.1.6, WG1 SPM A1.7, WGI SPM A.2, WG1.SPM A.4.2; SROCC SPM.A.1, SROCC SPM A.2} ", WG1 SPM A1.7,,
36,2.1.2.a,"2.1.2.aIt is unequivocal that human influence has warmed the atmosphere, ocean and land. Widespread and rapid changes in the atmosphere, ocean, cryosphere and biosphere have occurred (Table 2.1). The scale of recent changes across the climate system as a whole and the present state of many aspects of the climate system are unprecedented over many centuries to many thousands of years. It is very likely that GHG emissions were the main driver17of tropospheric warming and extremely likely that human-caused stratospheric ozone depletion was the main driver of stratospheric cooling between 1979 and the mid-1990s. It is virtually certain that the global upper ocean (0-700m) has warmed since the 1970s and extremely likely that human influence is the main driver. Ocean warming accounted for 91% of the heating in the climate system, with land warming, ice loss and atmospheric warming accounting for about 5%, 3% and 1%, respectively (high confidence). Global mean sea level increased by 0.20 [0.15–0.25] m between 1901 and 2018. The average rate of sea level rise was 1.3 [0.6 to 2.1]mm yr-1 between 1901 and 1971, increasing to 1.9 [0.8 to 2.9] mm yr-1 between 1971 and 2006, and further increasing to 3.7 [3.2 to –4.2] mm yr-1 between 2006 and 2018 (high confidence). Human influence was very likely the main driver of these increases since at least 1971 (Figure 3.4). Human influence is very likely the main driver of the global retreat of glaciers since the 1990s and the decrease in Arctic sea ice area between 1979–1988 and 2010–2019. Human influence has also very likely contributed to decreased Northern Hemisphere spring snow cover and surface melting of the Greenland ice sheet. It is virtually certain that human-caused CO2 emissions are the main driver of current global acidification of the surface open ocean. {WGI SPM A.1, WGI SPM A.1.3, WGI SPM A.1.5, WGI SPM A.1.6, WG1 SPM A1.7, WGI SPM A.2, WG1.SPM A.4.2; SROCC SPM.A.1, SROCC SPM A.2} ", WGI SPM A.2,A.2,"A.2   The scale of recent changes across the climate system as a whole – and the present state of many aspects of the climate system – are unprecedented over many centuries to many thousands of years. {2.2, 2.3, Cross-Chapter Box 2.1, 5.1} (Figure SPM.1)"
37,2.1.2.a,"2.1.2.aIt is unequivocal that human influence has warmed the atmosphere, ocean and land. Widespread and rapid changes in the atmosphere, ocean, cryosphere and biosphere have occurred (Table 2.1). The scale of recent changes across the climate system as a whole and the present state of many aspects of the climate system are unprecedented over many centuries to many thousands of years. It is very likely that GHG emissions were the main driver17of tropospheric warming and extremely likely that human-caused stratospheric ozone depletion was the main driver of stratospheric cooling between 1979 and the mid-1990s. It is virtually certain that the global upper ocean (0-700m) has warmed since the 1970s and extremely likely that human influence is the main driver. Ocean warming accounted for 91% of the heating in the climate system, with land warming, ice loss and atmospheric warming accounting for about 5%, 3% and 1%, respectively (high confidence). Global mean sea level increased by 0.20 [0.15–0.25] m between 1901 and 2018. The average rate of sea level rise was 1.3 [0.6 to 2.1]mm yr-1 between 1901 and 1971, increasing to 1.9 [0.8 to 2.9] mm yr-1 between 1971 and 2006, and further increasing to 3.7 [3.2 to –4.2] mm yr-1 between 2006 and 2018 (high confidence). Human influence was very likely the main driver of these increases since at least 1971 (Figure 3.4). Human influence is very likely the main driver of the global retreat of glaciers since the 1990s and the decrease in Arctic sea ice area between 1979–1988 and 2010–2019. Human influence has also very likely contributed to decreased Northern Hemisphere spring snow cover and surface melting of the Greenland ice sheet. It is virtually certain that human-caused CO2 emissions are the main driver of current global acidification of the surface open ocean. {WGI SPM A.1, WGI SPM A.1.3, WGI SPM A.1.5, WGI SPM A.1.6, WG1 SPM A1.7, WGI SPM A.2, WG1.SPM A.4.2; SROCC SPM.A.1, SROCC SPM A.2} ", WG1.SPM A.4.2,,
38,2.1.2.a,"2.1.2.aIt is unequivocal that human influence has warmed the atmosphere, ocean and land. Widespread and rapid changes in the atmosphere, ocean, cryosphere and biosphere have occurred (Table 2.1). The scale of recent changes across the climate system as a whole and the present state of many aspects of the climate system are unprecedented over many centuries to many thousands of years. It is very likely that GHG emissions were the main driver17of tropospheric warming and extremely likely that human-caused stratospheric ozone depletion was the main driver of stratospheric cooling between 1979 and the mid-1990s. It is virtually certain that the global upper ocean (0-700m) has warmed since the 1970s and extremely likely that human influence is the main driver. Ocean warming accounted for 91% of the heating in the climate system, with land warming, ice loss and atmospheric warming accounting for about 5%, 3% and 1%, respectively (high confidence). Global mean sea level increased by 0.20 [0.15–0.25] m between 1901 and 2018. The average rate of sea level rise was 1.3 [0.6 to 2.1]mm yr-1 between 1901 and 1971, increasing to 1.9 [0.8 to 2.9] mm yr-1 between 1971 and 2006, and further increasing to 3.7 [3.2 to –4.2] mm yr-1 between 2006 and 2018 (high confidence). Human influence was very likely the main driver of these increases since at least 1971 (Figure 3.4). Human influence is very likely the main driver of the global retreat of glaciers since the 1990s and the decrease in Arctic sea ice area between 1979–1988 and 2010–2019. Human influence has also very likely contributed to decreased Northern Hemisphere spring snow cover and surface melting of the Greenland ice sheet. It is virtually certain that human-caused CO2 emissions are the main driver of current global acidification of the surface open ocean. {WGI SPM A.1, WGI SPM A.1.3, WGI SPM A.1.5, WGI SPM A.1.6, WG1 SPM A1.7, WGI SPM A.2, WG1.SPM A.4.2; SROCC SPM.A.1, SROCC SPM A.2} ", SROCC SPM.A.1,,
39,2.1.2.a,"2.1.2.aIt is unequivocal that human influence has warmed the atmosphere, ocean and land. Widespread and rapid changes in the atmosphere, ocean, cryosphere and biosphere have occurred (Table 2.1). The scale of recent changes across the climate system as a whole and the present state of many aspects of the climate system are unprecedented over many centuries to many thousands of years. It is very likely that GHG emissions were the main driver17of tropospheric warming and extremely likely that human-caused stratospheric ozone depletion was the main driver of stratospheric cooling between 1979 and the mid-1990s. It is virtually certain that the global upper ocean (0-700m) has warmed since the 1970s and extremely likely that human influence is the main driver. Ocean warming accounted for 91% of the heating in the climate system, with land warming, ice loss and atmospheric warming accounting for about 5%, 3% and 1%, respectively (high confidence). Global mean sea level increased by 0.20 [0.15–0.25] m between 1901 and 2018. The average rate of sea level rise was 1.3 [0.6 to 2.1]mm yr-1 between 1901 and 1971, increasing to 1.9 [0.8 to 2.9] mm yr-1 between 1971 and 2006, and further increasing to 3.7 [3.2 to –4.2] mm yr-1 between 2006 and 2018 (high confidence). Human influence was very likely the main driver of these increases since at least 1971 (Figure 3.4). Human influence is very likely the main driver of the global retreat of glaciers since the 1990s and the decrease in Arctic sea ice area between 1979–1988 and 2010–2019. Human influence has also very likely contributed to decreased Northern Hemisphere spring snow cover and surface melting of the Greenland ice sheet. It is virtually certain that human-caused CO2 emissions are the main driver of current global acidification of the surface open ocean. {WGI SPM A.1, WGI SPM A.1.3, WGI SPM A.1.5, WGI SPM A.1.6, WG1 SPM A1.7, WGI SPM A.2, WG1.SPM A.4.2; SROCC SPM.A.1, SROCC SPM A.2} ", SROCC SPM A.2,,
40,2.1.2.c,"2.1.2.cHuman-caused climate change is already affecting many weather and climate extremes in every region across the globe. Evidence of observed changes in extremes such as heatwaves, heavy precipitation, droughts, and tropical cyclones, and, in particular, their attribution to human influence, has strengthened since AR5 (Figure 2.3). It is virtually certain that hot extremes (including heatwaves) have become more frequent and more intense across most land regions since the 1950s (Figure 2.3), while cold extremes (including cold waves) have become less frequent and less severe, with high confidence that human-caused climate change is the main driver of these changes. Marine heatwaves have approximately doubled in frequency since the 1980s (high confidence), and human influence has very likely contributed to most of them since at least 2006. The frequency and intensity of heavy precipitation events have increased since the 1950s over most land areas for which observational data are sufficient for trend analysis (high confidence), and human-caused climate change is likely the main driver (Figure 2.3). Human-caused climate change has contributed to increases in agricultural and ecological droughts in some regions due to increased land evapotranspiration (medium confidence) (Figure 2.3). It is likely that the global proportion of major (Category 3–5) tropical cyclone occurrence has increased over the last four decades. {WGI SPM A.3, WGI SPM A3.1, WGI SPM A3.2; WGI SPM A3.4; SRCCL SPM.A.2.2; SROCC SPM. A.2} ",WGI SPM A.3,A.3,"A.3   Human-induced climate change is already affecting many weather and climate extremes in every region across the globe. Evidence of observed changes in extremes such as heatwaves, heavy precipitation, droughts, and tropical cyclones, and, in particular, their attribution to human influence, has strengthened since AR5. {2.3, 3.3, 8.2, 8.3, 8.4, 8.5, 8.6, Box 8.1, Box 8.2, Box 9.2, 10.6, 11.2, 11.3, 11.4, 11.6, 11.7, 11.8, 11.9, 12.3} (Figure SPM.3)"
41,2.1.2.c,"2.1.2.cHuman-caused climate change is already affecting many weather and climate extremes in every region across the globe. Evidence of observed changes in extremes such as heatwaves, heavy precipitation, droughts, and tropical cyclones, and, in particular, their attribution to human influence, has strengthened since AR5 (Figure 2.3). It is virtually certain that hot extremes (including heatwaves) have become more frequent and more intense across most land regions since the 1950s (Figure 2.3), while cold extremes (including cold waves) have become less frequent and less severe, with high confidence that human-caused climate change is the main driver of these changes. Marine heatwaves have approximately doubled in frequency since the 1980s (high confidence), and human influence has very likely contributed to most of them since at least 2006. The frequency and intensity of heavy precipitation events have increased since the 1950s over most land areas for which observational data are sufficient for trend analysis (high confidence), and human-caused climate change is likely the main driver (Figure 2.3). Human-caused climate change has contributed to increases in agricultural and ecological droughts in some regions due to increased land evapotranspiration (medium confidence) (Figure 2.3). It is likely that the global proportion of major (Category 3–5) tropical cyclone occurrence has increased over the last four decades. {WGI SPM A.3, WGI SPM A3.1, WGI SPM A3.2; WGI SPM A3.4; SRCCL SPM.A.2.2; SROCC SPM. A.2} ", WGI SPM A3.1,,
42,2.1.2.c,"2.1.2.cHuman-caused climate change is already affecting many weather and climate extremes in every region across the globe. Evidence of observed changes in extremes such as heatwaves, heavy precipitation, droughts, and tropical cyclones, and, in particular, their attribution to human influence, has strengthened since AR5 (Figure 2.3). It is virtually certain that hot extremes (including heatwaves) have become more frequent and more intense across most land regions since the 1950s (Figure 2.3), while cold extremes (including cold waves) have become less frequent and less severe, with high confidence that human-caused climate change is the main driver of these changes. Marine heatwaves have approximately doubled in frequency since the 1980s (high confidence), and human influence has very likely contributed to most of them since at least 2006. The frequency and intensity of heavy precipitation events have increased since the 1950s over most land areas for which observational data are sufficient for trend analysis (high confidence), and human-caused climate change is likely the main driver (Figure 2.3). Human-caused climate change has contributed to increases in agricultural and ecological droughts in some regions due to increased land evapotranspiration (medium confidence) (Figure 2.3). It is likely that the global proportion of major (Category 3–5) tropical cyclone occurrence has increased over the last four decades. {WGI SPM A.3, WGI SPM A3.1, WGI SPM A3.2; WGI SPM A3.4; SRCCL SPM.A.2.2; SROCC SPM. A.2} ", WGI SPM A3.2,,
43,2.1.2.c,"2.1.2.cHuman-caused climate change is already affecting many weather and climate extremes in every region across the globe. Evidence of observed changes in extremes such as heatwaves, heavy precipitation, droughts, and tropical cyclones, and, in particular, their attribution to human influence, has strengthened since AR5 (Figure 2.3). It is virtually certain that hot extremes (including heatwaves) have become more frequent and more intense across most land regions since the 1950s (Figure 2.3), while cold extremes (including cold waves) have become less frequent and less severe, with high confidence that human-caused climate change is the main driver of these changes. Marine heatwaves have approximately doubled in frequency since the 1980s (high confidence), and human influence has very likely contributed to most of them since at least 2006. The frequency and intensity of heavy precipitation events have increased since the 1950s over most land areas for which observational data are sufficient for trend analysis (high confidence), and human-caused climate change is likely the main driver (Figure 2.3). Human-caused climate change has contributed to increases in agricultural and ecological droughts in some regions due to increased land evapotranspiration (medium confidence) (Figure 2.3). It is likely that the global proportion of major (Category 3–5) tropical cyclone occurrence has increased over the last four decades. {WGI SPM A.3, WGI SPM A3.1, WGI SPM A3.2; WGI SPM A3.4; SRCCL SPM.A.2.2; SROCC SPM. A.2} ", WGI SPM A3.4,,
44,2.1.2.c,"2.1.2.cHuman-caused climate change is already affecting many weather and climate extremes in every region across the globe. Evidence of observed changes in extremes such as heatwaves, heavy precipitation, droughts, and tropical cyclones, and, in particular, their attribution to human influence, has strengthened since AR5 (Figure 2.3). It is virtually certain that hot extremes (including heatwaves) have become more frequent and more intense across most land regions since the 1950s (Figure 2.3), while cold extremes (including cold waves) have become less frequent and less severe, with high confidence that human-caused climate change is the main driver of these changes. Marine heatwaves have approximately doubled in frequency since the 1980s (high confidence), and human influence has very likely contributed to most of them since at least 2006. The frequency and intensity of heavy precipitation events have increased since the 1950s over most land areas for which observational data are sufficient for trend analysis (high confidence), and human-caused climate change is likely the main driver (Figure 2.3). Human-caused climate change has contributed to increases in agricultural and ecological droughts in some regions due to increased land evapotranspiration (medium confidence) (Figure 2.3). It is likely that the global proportion of major (Category 3–5) tropical cyclone occurrence has increased over the last four decades. {WGI SPM A.3, WGI SPM A3.1, WGI SPM A3.2; WGI SPM A3.4; SRCCL SPM.A.2.2; SROCC SPM. A.2} ", SRCCL SPM.A.2.2,,
45,2.1.2.c,"2.1.2.cHuman-caused climate change is already affecting many weather and climate extremes in every region across the globe. Evidence of observed changes in extremes such as heatwaves, heavy precipitation, droughts, and tropical cyclones, and, in particular, their attribution to human influence, has strengthened since AR5 (Figure 2.3). It is virtually certain that hot extremes (including heatwaves) have become more frequent and more intense across most land regions since the 1950s (Figure 2.3), while cold extremes (including cold waves) have become less frequent and less severe, with high confidence that human-caused climate change is the main driver of these changes. Marine heatwaves have approximately doubled in frequency since the 1980s (high confidence), and human influence has very likely contributed to most of them since at least 2006. The frequency and intensity of heavy precipitation events have increased since the 1950s over most land areas for which observational data are sufficient for trend analysis (high confidence), and human-caused climate change is likely the main driver (Figure 2.3). Human-caused climate change has contributed to increases in agricultural and ecological droughts in some regions due to increased land evapotranspiration (medium confidence) (Figure 2.3). It is likely that the global proportion of major (Category 3–5) tropical cyclone occurrence has increased over the last four decades. {WGI SPM A.3, WGI SPM A3.1, WGI SPM A3.2; WGI SPM A3.4; SRCCL SPM.A.2.2; SROCC SPM. A.2} ", SROCC SPM. A.2,,
46,2.1.2.e,"2.1.2.eClimate change has caused substantial damages, and increasingly irreversible19losses, in terrestrial, freshwater, cryospheric and coastal and open ocean ecosystems (high confidence). The extent and magnitude of climate change impacts are larger than estimated in previous assessments (high confidence). Approximately half of the species assessed globally have shifted polewards or, on land, also to higher elevations (very high confidence). Biological responses including changes in geographic placement and shifting seasonal timing are often not sufficient to cope with recent climate change (very high confidence). Hundreds of local losses of species have been driven by increases in the magnitude of heat extremes (high confidence) and mass mortality events on land and in the ocean (very high confidence). Impacts on some ecosystems are approaching irreversibility such as the impacts of hydrological changes resulting from the retreat of glaciers, or the changes in some mountain (medium confidence) and Arctic ecosystems driven by permafrost thaw (high confidence). Impacts in ecosystems from slow-onset processes such as ocean acidification, sea level rise or regional decreases in precipitation have also been attributed to human-caused climate change (high confidence). Climate change has contributed to desertification and exacerbated land degradation, particularly in low lying coastal areas, river deltas, drylands and in permafrost areas (high confidence). Nearly 50% of coastal wetlands have been lost over the last 100 years, as a result of the combined effects of localised human pressures, sea level rise, warming and extreme climate events (high confidence). {WGII SPM B.1.1, WGII SPM B.1.2, WGII Figure SPM.2.A, WGII TS.B.1; SRCCL SPM A.1.5, SRCCL SPM A.2, SRCCL SPM A.2.6, SRCCL Figure SPM.1; SROCC SPM A.6.1, SROCC SPM, A.6.4, SROCC SPM A.7} ",WGII SPM B.1.1,,
47,2.1.2.e,"2.1.2.eClimate change has caused substantial damages, and increasingly irreversible19losses, in terrestrial, freshwater, cryospheric and coastal and open ocean ecosystems (high confidence). The extent and magnitude of climate change impacts are larger than estimated in previous assessments (high confidence). Approximately half of the species assessed globally have shifted polewards or, on land, also to higher elevations (very high confidence). Biological responses including changes in geographic placement and shifting seasonal timing are often not sufficient to cope with recent climate change (very high confidence). Hundreds of local losses of species have been driven by increases in the magnitude of heat extremes (high confidence) and mass mortality events on land and in the ocean (very high confidence). Impacts on some ecosystems are approaching irreversibility such as the impacts of hydrological changes resulting from the retreat of glaciers, or the changes in some mountain (medium confidence) and Arctic ecosystems driven by permafrost thaw (high confidence). Impacts in ecosystems from slow-onset processes such as ocean acidification, sea level rise or regional decreases in precipitation have also been attributed to human-caused climate change (high confidence). Climate change has contributed to desertification and exacerbated land degradation, particularly in low lying coastal areas, river deltas, drylands and in permafrost areas (high confidence). Nearly 50% of coastal wetlands have been lost over the last 100 years, as a result of the combined effects of localised human pressures, sea level rise, warming and extreme climate events (high confidence). {WGII SPM B.1.1, WGII SPM B.1.2, WGII Figure SPM.2.A, WGII TS.B.1; SRCCL SPM A.1.5, SRCCL SPM A.2, SRCCL SPM A.2.6, SRCCL Figure SPM.1; SROCC SPM A.6.1, SROCC SPM, A.6.4, SROCC SPM A.7} ", WGII SPM B.1.2,,
48,2.1.2.e,"2.1.2.eClimate change has caused substantial damages, and increasingly irreversible19losses, in terrestrial, freshwater, cryospheric and coastal and open ocean ecosystems (high confidence). The extent and magnitude of climate change impacts are larger than estimated in previous assessments (high confidence). Approximately half of the species assessed globally have shifted polewards or, on land, also to higher elevations (very high confidence). Biological responses including changes in geographic placement and shifting seasonal timing are often not sufficient to cope with recent climate change (very high confidence). Hundreds of local losses of species have been driven by increases in the magnitude of heat extremes (high confidence) and mass mortality events on land and in the ocean (very high confidence). Impacts on some ecosystems are approaching irreversibility such as the impacts of hydrological changes resulting from the retreat of glaciers, or the changes in some mountain (medium confidence) and Arctic ecosystems driven by permafrost thaw (high confidence). Impacts in ecosystems from slow-onset processes such as ocean acidification, sea level rise or regional decreases in precipitation have also been attributed to human-caused climate change (high confidence). Climate change has contributed to desertification and exacerbated land degradation, particularly in low lying coastal areas, river deltas, drylands and in permafrost areas (high confidence). Nearly 50% of coastal wetlands have been lost over the last 100 years, as a result of the combined effects of localised human pressures, sea level rise, warming and extreme climate events (high confidence). {WGII SPM B.1.1, WGII SPM B.1.2, WGII Figure SPM.2.A, WGII TS.B.1; SRCCL SPM A.1.5, SRCCL SPM A.2, SRCCL SPM A.2.6, SRCCL Figure SPM.1; SROCC SPM A.6.1, SROCC SPM, A.6.4, SROCC SPM A.7} ", WGII Figure SPM.2.A,,
49,2.1.2.e,"2.1.2.eClimate change has caused substantial damages, and increasingly irreversible19losses, in terrestrial, freshwater, cryospheric and coastal and open ocean ecosystems (high confidence). The extent and magnitude of climate change impacts are larger than estimated in previous assessments (high confidence). Approximately half of the species assessed globally have shifted polewards or, on land, also to higher elevations (very high confidence). Biological responses including changes in geographic placement and shifting seasonal timing are often not sufficient to cope with recent climate change (very high confidence). Hundreds of local losses of species have been driven by increases in the magnitude of heat extremes (high confidence) and mass mortality events on land and in the ocean (very high confidence). Impacts on some ecosystems are approaching irreversibility such as the impacts of hydrological changes resulting from the retreat of glaciers, or the changes in some mountain (medium confidence) and Arctic ecosystems driven by permafrost thaw (high confidence). Impacts in ecosystems from slow-onset processes such as ocean acidification, sea level rise or regional decreases in precipitation have also been attributed to human-caused climate change (high confidence). Climate change has contributed to desertification and exacerbated land degradation, particularly in low lying coastal areas, river deltas, drylands and in permafrost areas (high confidence). Nearly 50% of coastal wetlands have been lost over the last 100 years, as a result of the combined effects of localised human pressures, sea level rise, warming and extreme climate events (high confidence). {WGII SPM B.1.1, WGII SPM B.1.2, WGII Figure SPM.2.A, WGII TS.B.1; SRCCL SPM A.1.5, SRCCL SPM A.2, SRCCL SPM A.2.6, SRCCL Figure SPM.1; SROCC SPM A.6.1, SROCC SPM, A.6.4, SROCC SPM A.7} ", WGII TS.B.1,,
50,2.1.2.e,"2.1.2.eClimate change has caused substantial damages, and increasingly irreversible19losses, in terrestrial, freshwater, cryospheric and coastal and open ocean ecosystems (high confidence). The extent and magnitude of climate change impacts are larger than estimated in previous assessments (high confidence). Approximately half of the species assessed globally have shifted polewards or, on land, also to higher elevations (very high confidence). Biological responses including changes in geographic placement and shifting seasonal timing are often not sufficient to cope with recent climate change (very high confidence). Hundreds of local losses of species have been driven by increases in the magnitude of heat extremes (high confidence) and mass mortality events on land and in the ocean (very high confidence). Impacts on some ecosystems are approaching irreversibility such as the impacts of hydrological changes resulting from the retreat of glaciers, or the changes in some mountain (medium confidence) and Arctic ecosystems driven by permafrost thaw (high confidence). Impacts in ecosystems from slow-onset processes such as ocean acidification, sea level rise or regional decreases in precipitation have also been attributed to human-caused climate change (high confidence). Climate change has contributed to desertification and exacerbated land degradation, particularly in low lying coastal areas, river deltas, drylands and in permafrost areas (high confidence). Nearly 50% of coastal wetlands have been lost over the last 100 years, as a result of the combined effects of localised human pressures, sea level rise, warming and extreme climate events (high confidence). {WGII SPM B.1.1, WGII SPM B.1.2, WGII Figure SPM.2.A, WGII TS.B.1; SRCCL SPM A.1.5, SRCCL SPM A.2, SRCCL SPM A.2.6, SRCCL Figure SPM.1; SROCC SPM A.6.1, SROCC SPM, A.6.4, SROCC SPM A.7} ", SRCCL SPM A.1.5,,
51,2.1.2.e,"2.1.2.eClimate change has caused substantial damages, and increasingly irreversible19losses, in terrestrial, freshwater, cryospheric and coastal and open ocean ecosystems (high confidence). The extent and magnitude of climate change impacts are larger than estimated in previous assessments (high confidence). Approximately half of the species assessed globally have shifted polewards or, on land, also to higher elevations (very high confidence). Biological responses including changes in geographic placement and shifting seasonal timing are often not sufficient to cope with recent climate change (very high confidence). Hundreds of local losses of species have been driven by increases in the magnitude of heat extremes (high confidence) and mass mortality events on land and in the ocean (very high confidence). Impacts on some ecosystems are approaching irreversibility such as the impacts of hydrological changes resulting from the retreat of glaciers, or the changes in some mountain (medium confidence) and Arctic ecosystems driven by permafrost thaw (high confidence). Impacts in ecosystems from slow-onset processes such as ocean acidification, sea level rise or regional decreases in precipitation have also been attributed to human-caused climate change (high confidence). Climate change has contributed to desertification and exacerbated land degradation, particularly in low lying coastal areas, river deltas, drylands and in permafrost areas (high confidence). Nearly 50% of coastal wetlands have been lost over the last 100 years, as a result of the combined effects of localised human pressures, sea level rise, warming and extreme climate events (high confidence). {WGII SPM B.1.1, WGII SPM B.1.2, WGII Figure SPM.2.A, WGII TS.B.1; SRCCL SPM A.1.5, SRCCL SPM A.2, SRCCL SPM A.2.6, SRCCL Figure SPM.1; SROCC SPM A.6.1, SROCC SPM, A.6.4, SROCC SPM A.7} ", SRCCL SPM A.2,,
52,2.1.2.e,"2.1.2.eClimate change has caused substantial damages, and increasingly irreversible19losses, in terrestrial, freshwater, cryospheric and coastal and open ocean ecosystems (high confidence). The extent and magnitude of climate change impacts are larger than estimated in previous assessments (high confidence). Approximately half of the species assessed globally have shifted polewards or, on land, also to higher elevations (very high confidence). Biological responses including changes in geographic placement and shifting seasonal timing are often not sufficient to cope with recent climate change (very high confidence). Hundreds of local losses of species have been driven by increases in the magnitude of heat extremes (high confidence) and mass mortality events on land and in the ocean (very high confidence). Impacts on some ecosystems are approaching irreversibility such as the impacts of hydrological changes resulting from the retreat of glaciers, or the changes in some mountain (medium confidence) and Arctic ecosystems driven by permafrost thaw (high confidence). Impacts in ecosystems from slow-onset processes such as ocean acidification, sea level rise or regional decreases in precipitation have also been attributed to human-caused climate change (high confidence). Climate change has contributed to desertification and exacerbated land degradation, particularly in low lying coastal areas, river deltas, drylands and in permafrost areas (high confidence). Nearly 50% of coastal wetlands have been lost over the last 100 years, as a result of the combined effects of localised human pressures, sea level rise, warming and extreme climate events (high confidence). {WGII SPM B.1.1, WGII SPM B.1.2, WGII Figure SPM.2.A, WGII TS.B.1; SRCCL SPM A.1.5, SRCCL SPM A.2, SRCCL SPM A.2.6, SRCCL Figure SPM.1; SROCC SPM A.6.1, SROCC SPM, A.6.4, SROCC SPM A.7} ", SRCCL SPM A.2.6,,
53,2.1.2.e,"2.1.2.eClimate change has caused substantial damages, and increasingly irreversible19losses, in terrestrial, freshwater, cryospheric and coastal and open ocean ecosystems (high confidence). The extent and magnitude of climate change impacts are larger than estimated in previous assessments (high confidence). Approximately half of the species assessed globally have shifted polewards or, on land, also to higher elevations (very high confidence). Biological responses including changes in geographic placement and shifting seasonal timing are often not sufficient to cope with recent climate change (very high confidence). Hundreds of local losses of species have been driven by increases in the magnitude of heat extremes (high confidence) and mass mortality events on land and in the ocean (very high confidence). Impacts on some ecosystems are approaching irreversibility such as the impacts of hydrological changes resulting from the retreat of glaciers, or the changes in some mountain (medium confidence) and Arctic ecosystems driven by permafrost thaw (high confidence). Impacts in ecosystems from slow-onset processes such as ocean acidification, sea level rise or regional decreases in precipitation have also been attributed to human-caused climate change (high confidence). Climate change has contributed to desertification and exacerbated land degradation, particularly in low lying coastal areas, river deltas, drylands and in permafrost areas (high confidence). Nearly 50% of coastal wetlands have been lost over the last 100 years, as a result of the combined effects of localised human pressures, sea level rise, warming and extreme climate events (high confidence). {WGII SPM B.1.1, WGII SPM B.1.2, WGII Figure SPM.2.A, WGII TS.B.1; SRCCL SPM A.1.5, SRCCL SPM A.2, SRCCL SPM A.2.6, SRCCL Figure SPM.1; SROCC SPM A.6.1, SROCC SPM, A.6.4, SROCC SPM A.7} ", SRCCL Figure SPM.1,,
54,2.1.2.e,"2.1.2.eClimate change has caused substantial damages, and increasingly irreversible19losses, in terrestrial, freshwater, cryospheric and coastal and open ocean ecosystems (high confidence). The extent and magnitude of climate change impacts are larger than estimated in previous assessments (high confidence). Approximately half of the species assessed globally have shifted polewards or, on land, also to higher elevations (very high confidence). Biological responses including changes in geographic placement and shifting seasonal timing are often not sufficient to cope with recent climate change (very high confidence). Hundreds of local losses of species have been driven by increases in the magnitude of heat extremes (high confidence) and mass mortality events on land and in the ocean (very high confidence). Impacts on some ecosystems are approaching irreversibility such as the impacts of hydrological changes resulting from the retreat of glaciers, or the changes in some mountain (medium confidence) and Arctic ecosystems driven by permafrost thaw (high confidence). Impacts in ecosystems from slow-onset processes such as ocean acidification, sea level rise or regional decreases in precipitation have also been attributed to human-caused climate change (high confidence). Climate change has contributed to desertification and exacerbated land degradation, particularly in low lying coastal areas, river deltas, drylands and in permafrost areas (high confidence). Nearly 50% of coastal wetlands have been lost over the last 100 years, as a result of the combined effects of localised human pressures, sea level rise, warming and extreme climate events (high confidence). {WGII SPM B.1.1, WGII SPM B.1.2, WGII Figure SPM.2.A, WGII TS.B.1; SRCCL SPM A.1.5, SRCCL SPM A.2, SRCCL SPM A.2.6, SRCCL Figure SPM.1; SROCC SPM A.6.1, SROCC SPM, A.6.4, SROCC SPM A.7} ", SROCC SPM A.6.1,,
55,2.1.2.e,"2.1.2.eClimate change has caused substantial damages, and increasingly irreversible19losses, in terrestrial, freshwater, cryospheric and coastal and open ocean ecosystems (high confidence). The extent and magnitude of climate change impacts are larger than estimated in previous assessments (high confidence). Approximately half of the species assessed globally have shifted polewards or, on land, also to higher elevations (very high confidence). Biological responses including changes in geographic placement and shifting seasonal timing are often not sufficient to cope with recent climate change (very high confidence). Hundreds of local losses of species have been driven by increases in the magnitude of heat extremes (high confidence) and mass mortality events on land and in the ocean (very high confidence). Impacts on some ecosystems are approaching irreversibility such as the impacts of hydrological changes resulting from the retreat of glaciers, or the changes in some mountain (medium confidence) and Arctic ecosystems driven by permafrost thaw (high confidence). Impacts in ecosystems from slow-onset processes such as ocean acidification, sea level rise or regional decreases in precipitation have also been attributed to human-caused climate change (high confidence). Climate change has contributed to desertification and exacerbated land degradation, particularly in low lying coastal areas, river deltas, drylands and in permafrost areas (high confidence). Nearly 50% of coastal wetlands have been lost over the last 100 years, as a result of the combined effects of localised human pressures, sea level rise, warming and extreme climate events (high confidence). {WGII SPM B.1.1, WGII SPM B.1.2, WGII Figure SPM.2.A, WGII TS.B.1; SRCCL SPM A.1.5, SRCCL SPM A.2, SRCCL SPM A.2.6, SRCCL Figure SPM.1; SROCC SPM A.6.1, SROCC SPM, A.6.4, SROCC SPM A.7} ", SROCC SPM,,
56,2.1.2.e,"2.1.2.eClimate change has caused substantial damages, and increasingly irreversible19losses, in terrestrial, freshwater, cryospheric and coastal and open ocean ecosystems (high confidence). The extent and magnitude of climate change impacts are larger than estimated in previous assessments (high confidence). Approximately half of the species assessed globally have shifted polewards or, on land, also to higher elevations (very high confidence). Biological responses including changes in geographic placement and shifting seasonal timing are often not sufficient to cope with recent climate change (very high confidence). Hundreds of local losses of species have been driven by increases in the magnitude of heat extremes (high confidence) and mass mortality events on land and in the ocean (very high confidence). Impacts on some ecosystems are approaching irreversibility such as the impacts of hydrological changes resulting from the retreat of glaciers, or the changes in some mountain (medium confidence) and Arctic ecosystems driven by permafrost thaw (high confidence). Impacts in ecosystems from slow-onset processes such as ocean acidification, sea level rise or regional decreases in precipitation have also been attributed to human-caused climate change (high confidence). Climate change has contributed to desertification and exacerbated land degradation, particularly in low lying coastal areas, river deltas, drylands and in permafrost areas (high confidence). Nearly 50% of coastal wetlands have been lost over the last 100 years, as a result of the combined effects of localised human pressures, sea level rise, warming and extreme climate events (high confidence). {WGII SPM B.1.1, WGII SPM B.1.2, WGII Figure SPM.2.A, WGII TS.B.1; SRCCL SPM A.1.5, SRCCL SPM A.2, SRCCL SPM A.2.6, SRCCL Figure SPM.1; SROCC SPM A.6.1, SROCC SPM, A.6.4, SROCC SPM A.7} ", A.6.4,,
57,2.1.2.e,"2.1.2.eClimate change has caused substantial damages, and increasingly irreversible19losses, in terrestrial, freshwater, cryospheric and coastal and open ocean ecosystems (high confidence). The extent and magnitude of climate change impacts are larger than estimated in previous assessments (high confidence). Approximately half of the species assessed globally have shifted polewards or, on land, also to higher elevations (very high confidence). Biological responses including changes in geographic placement and shifting seasonal timing are often not sufficient to cope with recent climate change (very high confidence). Hundreds of local losses of species have been driven by increases in the magnitude of heat extremes (high confidence) and mass mortality events on land and in the ocean (very high confidence). Impacts on some ecosystems are approaching irreversibility such as the impacts of hydrological changes resulting from the retreat of glaciers, or the changes in some mountain (medium confidence) and Arctic ecosystems driven by permafrost thaw (high confidence). Impacts in ecosystems from slow-onset processes such as ocean acidification, sea level rise or regional decreases in precipitation have also been attributed to human-caused climate change (high confidence). Climate change has contributed to desertification and exacerbated land degradation, particularly in low lying coastal areas, river deltas, drylands and in permafrost areas (high confidence). Nearly 50% of coastal wetlands have been lost over the last 100 years, as a result of the combined effects of localised human pressures, sea level rise, warming and extreme climate events (high confidence). {WGII SPM B.1.1, WGII SPM B.1.2, WGII Figure SPM.2.A, WGII TS.B.1; SRCCL SPM A.1.5, SRCCL SPM A.2, SRCCL SPM A.2.6, SRCCL Figure SPM.1; SROCC SPM A.6.1, SROCC SPM, A.6.4, SROCC SPM A.7} ", SROCC SPM A.7,,
